category,close_time,days_to_expiry,event_ticker,liquidity_usd,no_price,open_interest,question,result,status,tags,ticker,title,volume,yes_price
,2025-08-06T19:00:00Z,-1,KXINXU-25AUG06H1500,2139462,0.325,1204,"Will the S&P 500 be above 6344.9999 on Aug 6, 2025 at 3pm EDT?",,active,,KXINXU-25AUG06H1500-T6344.9999,"Will the S&P 500 be above 6344.9999 on Aug 6, 2025 at 3pm EDT?",1637,0.675
,2025-08-06T19:00:00Z,-1,KXNASDAQ100U-25AUG06H1500,2114200,0.235,1562,"Will the Nasdaq-100 be above 23269.99 at the end of Aug 6, 2025 at 3pm EDT?",,active,,KXNASDAQ100U-25AUG06H1500-T23269.99,"Will the Nasdaq-100 be above 23269.99 at the end of Aug 6, 2025 at 3pm EDT?",1562,0.765
,2025-08-06T19:00:00Z,-1,KXETHD-25AUG0615,5217502,0.06,1079,"Ethereum price at Aug 6, 2025 at 3pm EDT?",,active,,KXETHD-25AUG0615-T3659.99,"Ethereum price at Aug 6, 2025 at 3pm EDT?",1079,0.94
,2025-08-06T19:00:00Z,-1,KXETHD-25AUG0615,5233922,0.59,1469,"Ethereum price at Aug 6, 2025 at 3pm EDT?",,active,,KXETHD-25AUG0615-T3699.99,"Ethereum price at Aug 6, 2025 at 3pm EDT?",1489,0.41
,2025-08-06T19:00:00Z,-1,KXBTCD-25AUG0615,9133871,0.09,1503,"Bitcoin price  on Aug 6, 2025?",,active,,KXBTCD-25AUG0615-T115249.99,"Bitcoin price  on Aug 6, 2025?",1511,0.91
,2025-08-06T19:00:00Z,-1,KXBTCD-25AUG0615,5811062,0.29,3067,"Bitcoin price  on Aug 6, 2025?",,active,,KXBTCD-25AUG0615-T115499.99,"Bitcoin price  on Aug 6, 2025?",3354,0.71
,2025-08-06T19:00:00Z,-1,KXBTCD-25AUG0615,9805007,0.59,2237,"Bitcoin price  on Aug 6, 2025?",,active,,KXBTCD-25AUG0615-T115749.99,"Bitcoin price  on Aug 6, 2025?",2452,0.41
,2025-08-06T20:00:00Z,-1,KXINXU-25AUG06H1600,1600,0.04,1002,"Will the S&P 500 be above 6249.9999 on Aug 6, 2025 at 4pm EDT?",,active,,KXINXU-25AUG06H1600-T6249.9999,"Will the S&P 500 be above 6249.9999 on Aug 6, 2025 at 4pm EDT?",1002,0.98
,2025-08-06T20:00:00Z,-1,KXINXU-25AUG06H1600,60000,0.03,445,"Will the S&P 500 be above 6274.9999 on Aug 6, 2025 at 4pm EDT?",,active,,KXINXU-25AUG06H1600-T6274.9999,"Will the S&P 500 be above 6274.9999 on Aug 6, 2025 at 4pm EDT?",761,0.985
,2025-08-06T20:00:00Z,-1,KXINXU-25AUG06H1600,3800,0.03,9005,"Will the S&P 500 be above 6299.9999 on Aug 6, 2025 at 4pm EDT?",,active,,KXINXU-25AUG06H1600-T6299.9999,"Will the S&P 500 be above 6299.9999 on Aug 6, 2025 at 4pm EDT?",13976,0.985
,2025-08-06T20:00:00Z,-1,KXINXU-25AUG06H1600,2080000,0.05,10598,"Will the S&P 500 be above 6324.9999 on Aug 6, 2025 at 4pm EDT?",,active,,KXINXU-25AUG06H1600-T6324.9999,"Will the S&P 500 be above 6324.9999 on Aug 6, 2025 at 4pm EDT?",15354,0.95
,2025-08-06T20:00:00Z,-1,KXINXU-25AUG06H1600,2123446,0.565,3001,"Will the S&P 500 be above 6349.9999 on Aug 6, 2025 at 4pm EDT?",,active,,KXINXU-25AUG06H1600-T6349.9999,"Will the S&P 500 be above 6349.9999 on Aug 6, 2025 at 4pm EDT?",4718,0.435
,2025-08-06T20:00:00Z,-1,KXINXU-25AUG06H1600,82522,0.98,1280,"Will the S&P 500 be above 6374.9999 on Aug 6, 2025 at 4pm EDT?",,active,,KXINXU-25AUG06H1600-T6374.9999,"Will the S&P 500 be above 6374.9999 on Aug 6, 2025 at 4pm EDT?",1306,0.04
,2025-08-06T20:00:00Z,-1,KXINXU-25AUG06H1600,60000,0.985,1150,"Will the S&P 500 be above 6399.9999 on Aug 6, 2025 at 4pm EDT?",,active,,KXINXU-25AUG06H1600-T6399.9999,"Will the S&P 500 be above 6399.9999 on Aug 6, 2025 at 4pm EDT?",1150,0.03
,2025-08-06T20:00:00Z,-1,KXNASDAQ100U-25AUG06H1600,69856,0.02,1295,"Will the Nasdaq-100 be above 22999.99 at the end of Aug 6, 2025 at 4pm EDT?",,active,,KXNASDAQ100U-25AUG06H1600-T22999.99,"Will the Nasdaq-100 be above 22999.99 at the end of Aug 6, 2025 at 4pm EDT?",1370,0.98
,2025-08-06T20:00:00Z,-1,KXNASDAQ100U-25AUG06H1600,86826,0.04,1900,"Will the Nasdaq-100 be above 23099.99 at the end of Aug 6, 2025 at 4pm EDT?",,active,,KXNASDAQ100U-25AUG06H1600-T23099.99,"Will the Nasdaq-100 be above 23099.99 at the end of Aug 6, 2025 at 4pm EDT?",2310,0.98
,2025-08-06T20:00:00Z,-1,KXNASDAQ100U-25AUG06H1600,2119570,0.075,2657,"Will the Nasdaq-100 be above 23199.99 at the end of Aug 6, 2025 at 4pm EDT?",,active,,KXNASDAQ100U-25AUG06H1600-T23199.99,"Will the Nasdaq-100 be above 23199.99 at the end of Aug 6, 2025 at 4pm EDT?",4657,0.925
,2025-08-06T20:00:00Z,-1,KXNASDAQ100U-25AUG06H1600,2115353,0.525,5200,"Will the Nasdaq-100 be above 23299.99 at the end of Aug 6, 2025 at 4pm EDT?",,active,,KXNASDAQ100U-25AUG06H1600-T23299.99,"Will the Nasdaq-100 be above 23299.99 at the end of Aug 6, 2025 at 4pm EDT?",9587,0.475
,2025-08-06T20:00:00Z,-1,KXNASDAQ100-25AUG06H1600,300444,0.985,2008,"Will the Nasdaq-100 be between 23000 and 23099.9900 at the end of Aug 6, 2025 at 4pm EDT?",,active,,KXNASDAQ100-25AUG06H1600-B23050,"Will the Nasdaq-100 be between 23000 and 23099.9900 at the end of Aug 6, 2025 at 4pm EDT?",2008,0.03
,2025-08-06T20:00:00Z,-1,KXNASDAQ100-25AUG06H1600,10400000,0.54,428,"Will the Nasdaq-100 be between 23200 and 23299.9900 at the end of Aug 6, 2025 at 4pm EDT?",,active,,KXNASDAQ100-25AUG06H1600-B23250,"Will the Nasdaq-100 be between 23200 and 23299.9900 at the end of Aug 6, 2025 at 4pm EDT?",1934,0.46
,2025-08-06T20:00:00Z,-1,KXINX-25AUG06H1600,200396,0.99,1015,"Will the S&P 500 be between 6275 and 6299.9999 on Aug 6, 2025 at 4pm EDT?",,active,,KXINX-25AUG06H1600-B6287,"Will the S&P 500 be between 6275 and 6299.9999 on Aug 6, 2025 at 4pm EDT?",1025,0.02
,2025-08-06T20:00:00Z,-1,KXINX-25AUG06H1600,10400000,0.57,953,"Will the S&P 500 be between 6350 and 6374.9999 on Aug 6, 2025 at 4pm EDT?",,active,,KXINX-25AUG06H1600-B6362,"Will the S&P 500 be between 6350 and 6374.9999 on Aug 6, 2025 at 4pm EDT?",2126,0.43
,2025-08-06T20:00:00Z,-1,KXINX-25AUG06H1600,200231,0.99,2417,"Will the S&P 500 be between 6400 and 6424.9999 on Aug 6, 2025 at 4pm EDT?",,active,,KXINX-25AUG06H1600-B6412,"Will the S&P 500 be between 6400 and 6424.9999 on Aug 6, 2025 at 4pm EDT?",2417,0.02
,2025-08-06T21:00:00Z,-1,KXETH-25AUG0617,30876304,0.98,601,"Ethereum price at Aug 6, 2025 at 5pm EDT?",,active,,KXETH-25AUG0617-B3500,"Ethereum price at Aug 6, 2025 at 5pm EDT?",1201,0.04
,2025-08-06T21:00:00Z,-1,KXETH-25AUG0617,30139388,0.98,1400,"Ethereum price at Aug 6, 2025 at 5pm EDT?",,active,,KXETH-25AUG0617-B3540,"Ethereum price at Aug 6, 2025 at 5pm EDT?",1400,0.04
,2025-08-06T21:00:00Z,-1,KXETH-25AUG0617,29400904,0.975,1094,"Ethereum price at Aug 6, 2025 at 5pm EDT?",,active,,KXETH-25AUG0617-B3580,"Ethereum price at Aug 6, 2025 at 5pm EDT?",1094,0.05
,2025-08-06T21:00:00Z,-1,KXETHD-25AUG0617,13833643,0.04,750,"Ethereum price at Aug 6, 2025 at 5pm EDT?",,active,,KXETHD-25AUG0617-T3559.99,"Ethereum price at Aug 6, 2025 at 5pm EDT?",772,0.98
,2025-08-06T21:00:00Z,-1,KXETHD-25AUG0617,26048,0.035,1349,"Ethereum price at Aug 6, 2025 at 5pm EDT?",,active,,KXETHD-25AUG0617-T3599.99,"Ethereum price at Aug 6, 2025 at 5pm EDT?",4131,0.965
,2025-08-06T21:00:00Z,-1,KXBTC-25AUG0617,37369430,0.98,1960,"Bitcoin price range  on Aug 6, 2025?",,active,,KXBTC-25AUG0617-B113000,"Bitcoin price range  on Aug 6, 2025?",1960,0.04
,2025-08-06T21:00:00Z,-1,KXBTC-25AUG0617,36884391,0.98,1723,"Bitcoin price range  on Aug 6, 2025?",,active,,KXBTC-25AUG0617-B113500,"Bitcoin price range  on Aug 6, 2025?",2009,0.04
,2025-08-06T21:00:00Z,-1,KXBTC-25AUG0617,38032559,0.81,2124,"Bitcoin price range  on Aug 6, 2025?",,active,,KXBTC-25AUG0617-B115000,"Bitcoin price range  on Aug 6, 2025?",3194,0.19
,2025-08-06T21:00:00Z,-1,KXBTCD-25AUG0617,18671561,0.04,1942,"Bitcoin price  on Aug 6, 2025?",,active,,KXBTCD-25AUG0617-T110749.99,"Bitcoin price  on Aug 6, 2025?",1942,0.98
,2025-08-06T21:00:00Z,-1,KXBTCD-25AUG0617,18448011,0.05,1511,"Bitcoin price  on Aug 6, 2025?",,active,,KXBTCD-25AUG0617-T111749.99,"Bitcoin price  on Aug 6, 2025?",2511,0.95
,2025-08-06T21:00:00Z,-1,KXBTCD-25AUG0617,17586610,0.04,706,"Bitcoin price  on Aug 6, 2025?",,active,,KXBTCD-25AUG0617-T112249.99,"Bitcoin price  on Aug 6, 2025?",706,0.98
,2025-08-06T21:00:00Z,-1,KXBTCD-25AUG0617,18251216,0.03,609,"Bitcoin price  on Aug 6, 2025?",,active,,KXBTCD-25AUG0617-T112749.99,"Bitcoin price  on Aug 6, 2025?",629,0.97
,2025-08-06T21:00:00Z,-1,KXBTCD-25AUG0617,4544640,0.04,1103,"Bitcoin price  on Aug 6, 2025?",,active,,KXBTCD-25AUG0617-T113249.99,"Bitcoin price  on Aug 6, 2025?",1241,0.98
,2025-08-06T21:00:00Z,-1,KXBTCD-25AUG0617,4520246,0.04,2636,"Bitcoin price  on Aug 6, 2025?",,active,,KXBTCD-25AUG0617-T113749.99,"Bitcoin price  on Aug 6, 2025?",4344,0.98
,2025-08-06T21:00:00Z,-1,KXBTCD-25AUG0617,5541740,0.03,3480,"Bitcoin price  on Aug 6, 2025?",,active,,KXBTCD-25AUG0617-T114249.99,"Bitcoin price  on Aug 6, 2025?",6117,0.97
,2025-08-06T21:00:00Z,-1,KXBTCD-25AUG0617,-7544456,0.075,1895,"Bitcoin price  on Aug 6, 2025?",,active,,KXBTCD-25AUG0617-T114749.99,"Bitcoin price  on Aug 6, 2025?",2379,0.925
,2025-08-06T21:00:00Z,-1,KXDOGE-25AUG0617,18179194,0.94,1202,"Dogecoin price range  on Aug 6, 2025?",,active,,KXDOGE-25AUG0617-B0.197,"Dogecoin price range  on Aug 6, 2025?",1219,0.12
,2025-08-07T03:59:00Z,-1,KXHIGHPHIL-25AUG06,200676,0.745,6157,"Will the **high temp in Philadelphia** be <80° on Aug 6, 2025?",,active,,KXHIGHPHIL-25AUG06-T80,"Will the **high temp in Philadelphia** be <80° on Aug 6, 2025?",9806,0.255
,2025-08-07T03:59:00Z,-1,KXHIGHPHIL-25AUG06,209933,0.41,9318,"Will the **high temp in Philadelphia** be 80-81° on Aug 6, 2025?",,active,,KXHIGHPHIL-25AUG06-B80.5,"Will the **high temp in Philadelphia** be 80-81° on Aug 6, 2025?",12406,0.59
,2025-08-07T03:59:00Z,-1,KXHIGHPHIL-25AUG06,171047,0.895,4636,"Will the **high temp in Philadelphia** be 82-83° on Aug 6, 2025?",,active,,KXHIGHPHIL-25AUG06-B82.5,"Will the **high temp in Philadelphia** be 82-83° on Aug 6, 2025?",7010,0.105
,2025-08-07T03:59:00Z,-1,KXHIGHMIA-25AUG06,1144725,0.995,2263,"Will the **high temp in Miami** be 88-89° on Aug 6, 2025?",,active,,KXHIGHMIA-25AUG06-B88.5,"Will the **high temp in Miami** be 88-89° on Aug 6, 2025?",2715,0.01
,2025-08-07T03:59:00Z,-1,KXHIGHMIA-25AUG06,1286711,0.995,4839,"Will the **high temp in Miami** be 90-91° on Aug 6, 2025?",,active,,KXHIGHMIA-25AUG06-B90.5,"Will the **high temp in Miami** be 90-91° on Aug 6, 2025?",7040,0.01
,2025-08-07T03:59:00Z,-1,KXHIGHMIA-25AUG06,670204,0.395,6166,"Will the **high temp in Miami** be 92-93° on Aug 6, 2025?",,active,,KXHIGHMIA-25AUG06-B92.5,"Will the **high temp in Miami** be 92-93° on Aug 6, 2025?",10449,0.605
,2025-08-07T03:59:00Z,-1,KXHIGHMIA-25AUG06,504923,0.77,3264,"Will the **high temp in Miami** be 94-95° on Aug 6, 2025?",,active,,KXHIGHMIA-25AUG06-B94.5,"Will the **high temp in Miami** be 94-95° on Aug 6, 2025?",4403,0.23
,2025-08-07T03:59:00Z,-1,KXHIGHNY-25AUG06,437565,0.995,7136,"Will the **high temp in NYC** be <79° on Aug 6, 2025?",,active,,KXHIGHNY-25AUG06-T79,"Will the **high temp in NYC** be <79° on Aug 6, 2025?",10416,0.01
,2025-08-07T03:59:00Z,-1,KXHIGHNY-25AUG06,297975,0.035,11177,"Will the **high temp in NYC** be 79-80° on Aug 6, 2025?",,active,,KXHIGHNY-25AUG06-B79.5,"Will the **high temp in NYC** be 79-80° on Aug 6, 2025?",19452,0.965
,2025-08-07T03:59:00Z,-1,KXHIGHNY-25AUG06,394491,0.965,12049,"Will the **high temp in NYC** be 81-82° on Aug 6, 2025?",,active,,KXHIGHNY-25AUG06-B81.5,"Will the **high temp in NYC** be 81-82° on Aug 6, 2025?",19731,0.035
,2025-08-07T03:59:00Z,-1,KXHIGHNY-25AUG06,405497,0.995,7680,"Will the **high temp in NYC** be 83-84° on Aug 6, 2025?",,active,,KXHIGHNY-25AUG06-B83.5,"Will the **high temp in NYC** be 83-84° on Aug 6, 2025?",9731,0.01
,2025-08-07T03:59:00Z,-1,KXSPOTIFY2D-25AUG06,150129,0.995,3246,"Will the top Song on Aug 6, 2025 be Your Idol?",,active,,KXSPOTIFY2D-25AUG06-YOU,"Will the top Song on Aug 6, 2025 be Your Idol?",3246,0.01
,2025-08-07T04:59:00Z,-1,KXHIGHAUS-25AUG06,403962,0.99,1463,"Will the **high temp in Austin** be 93-94° on Aug 6, 2025?",,active,,KXHIGHAUS-25AUG06-B93.5,"Will the **high temp in Austin** be 93-94° on Aug 6, 2025?",2080,0.02
,2025-08-07T04:59:00Z,-1,KXHIGHAUS-25AUG06,817776,0.9,4915,"Will the **high temp in Austin** be 95-96° on Aug 6, 2025?",,active,,KXHIGHAUS-25AUG06-B95.5,"Will the **high temp in Austin** be 95-96° on Aug 6, 2025?",8668,0.1
,2025-08-07T04:59:00Z,-1,KXHIGHAUS-25AUG06,539607,0.335,8618,"Will the **high temp in Austin** be 97-98° on Aug 6, 2025?",,active,,KXHIGHAUS-25AUG06-B97.5,"Will the **high temp in Austin** be 97-98° on Aug 6, 2025?",10689,0.665
,2025-08-07T04:59:00Z,-1,KXHIGHAUS-25AUG06,691399,0.725,3703,"Will the **high temp in Austin** be 99-100° on Aug 6, 2025?",,active,,KXHIGHAUS-25AUG06-B99.5,"Will the **high temp in Austin** be 99-100° on Aug 6, 2025?",6301,0.275
,2025-08-07T04:59:00Z,-1,KXHIGHCHI-25AUG06,1137218,0.995,10193,"Will the high temp in Chicago be 84-85° on Aug 6, 2025?",,active,,KXHIGHCHI-25AUG06-B84.5,"Will the high temp in Chicago be 84-85° on Aug 6, 2025?",11104,0.01
,2025-08-07T04:59:00Z,-1,KXHIGHCHI-25AUG06,601633,0.525,6134,"Will the high temp in Chicago be 86-87° on Aug 6, 2025?",,active,,KXHIGHCHI-25AUG06-B86.5,"Will the high temp in Chicago be 86-87° on Aug 6, 2025?",10310,0.475
,2025-08-07T04:59:00Z,-1,KXHIGHCHI-25AUG06,708607,0.545,3900,"Will the high temp in Chicago be 88-89° on Aug 6, 2025?",,active,,KXHIGHCHI-25AUG06-B88.5,"Will the high temp in Chicago be 88-89° on Aug 6, 2025?",7042,0.455
,2025-08-07T04:59:00Z,-1,KXHIGHCHI-25AUG06,523378,0.9,4626,"Will the high temp in Chicago be >89° on Aug 6, 2025?",,active,,KXHIGHCHI-25AUG06-T89,"Will the high temp in Chicago be >89° on Aug 6, 2025?",6107,0.1
,2025-08-07T05:59:00Z,-1,KXHIGHDEN-25AUG06,676248,0.64,1843,"Will the **high temp in Denver** be 95-96° on Aug 6, 2025?",,active,,KXHIGHDEN-25AUG06-B95.5,"Will the **high temp in Denver** be 95-96° on Aug 6, 2025?",3372,0.36
,2025-08-07T05:59:00Z,-1,KXHIGHDEN-25AUG06,807669,0.375,3123,"Will the **high temp in Denver** be >96° on Aug 6, 2025?",,active,,KXHIGHDEN-25AUG06-T96,"Will the **high temp in Denver** be >96° on Aug 6, 2025?",5843,0.625
,2025-08-07T06:59:00Z,-1,KXHIGHLAX-25AUG06,160745,0.995,6812,"Will the **high temp in LA** be 74-75° on Aug 6, 2025?",,active,,KXHIGHLAX-25AUG06-B74.5,"Will the **high temp in LA** be 74-75° on Aug 6, 2025?",9344,0.01
,2025-08-07T06:59:00Z,-1,KXHIGHLAX-25AUG06,243571,0.24,9390,"Will the **high temp in LA** be 76-77° on Aug 6, 2025?",,active,,KXHIGHLAX-25AUG06-B76.5,"Will the **high temp in LA** be 76-77° on Aug 6, 2025?",12314,0.76
,2025-08-07T06:59:00Z,-1,KXHIGHLAX-25AUG06,164450,0.73,4429,"Will the **high temp in LA** be 78-79° on Aug 6, 2025?",,active,,KXHIGHLAX-25AUG06-B78.5,"Will the **high temp in LA** be 78-79° on Aug 6, 2025?",8777,0.27
,2025-08-07T06:59:00Z,-1,KXHIGHLAX-25AUG06,1634549,0.975,19159,"Will the **high temp in LA** be >79° on Aug 6, 2025?",,active,,KXHIGHLAX-25AUG06-T79,"Will the **high temp in LA** be >79° on Aug 6, 2025?",24538,0.025
,2025-08-07T12:30:00Z,-1,KXJOBLESSCLAIMS-25AUG07,525624,0.04,4322,"How many initial jobless claims will there be the week ending Aug 2, 2025?",,active,,KXJOBLESSCLAIMS-25AUG07-200000,"How many initial jobless claims will there be the week ending Aug 2, 2025?",5558,0.96
,2025-08-07T12:30:00Z,-1,KXJOBLESSCLAIMS-25AUG07,660350,0.485,5655,"How many initial jobless claims will there be the week ending Aug 2, 2025?",,active,,KXJOBLESSCLAIMS-25AUG07-225000,"How many initial jobless claims will there be the week ending Aug 2, 2025?",5995,0.515
,2025-08-07T12:30:00Z,-1,KXJOBLESSCLAIMS-25AUG07,268627,0.07,1512,"How many initial jobless claims will there be the week ending Aug 2, 2025?",,active,,KXJOBLESSCLAIMS-25AUG07-210000,"How many initial jobless claims will there be the week ending Aug 2, 2025?",2240,0.93
,2025-08-07T14:00:00Z,-1,KXTRUMPMENTION-25AUG06,3591337,0.32,353,What will Trump say during The President's Announcement originally scheduled for 4:30PM ET on August 6?,,active,,KXTRUMPMENTION-25AUG06-JOB,What will Trump say during The President's Announcement originally scheduled for 4:30PM ET on August 6?,853,0.68
,2025-08-07T14:00:00Z,-1,KXTRUMPMENTION-25AUG06,2606403,0.13,724,What will Trump say during The President's Announcement originally scheduled for 4:30PM ET on August 6?,,active,,KXTRUMPMENTION-25AUG06-HOT,What will Trump say during The President's Announcement originally scheduled for 4:30PM ET on August 6?,724,0.87
,2025-08-08T04:59:00Z,-1,KXHIGHAUS-25AUG07,358888,0.63,1466,"Will the **high temp in Austin** be 99-100° on Aug 7, 2025?",,active,,KXHIGHAUS-25AUG07-B99.5,"Will the **high temp in Austin** be 99-100° on Aug 7, 2025?",1466,0.37
,2025-08-08T05:59:00Z,-1,KXHIGHDEN-25AUG07,277671,0.98,1039,"Will the **high temp in Denver** be >102° on Aug 7, 2025?",,active,,KXHIGHDEN-25AUG07-T102,"Will the **high temp in Denver** be >102° on Aug 7, 2025?",1326,0.04
,2025-08-08T14:00:00Z,-1,KXSPOTIFYSONGSTWHF-25AUG08,121934,0.935,790,"They Wanna Have Fun streams by Aug 8, 2025?",,active,,KXSPOTIFYSONGSTWHF-25AUG08-6,"They Wanna Have Fun streams by Aug 8, 2025?",1523,0.13
,2025-08-08T14:00:00Z,-1,KXSPOTIFYSONGSSUBWAY-25AUG08,122119,0.01,1041,"The Subway streams by Aug 8, 2025?",,active,,KXSPOTIFYSONGSSUBWAY-25AUG08-20,"The Subway streams by Aug 8, 2025?",1590,0.995
,2025-08-08T14:00:00Z,-1,KXSPOTIFYSONGSSUBWAY-25AUG08,10991,0.01,1009,"The Subway streams by Aug 8, 2025?",,active,,KXSPOTIFYSONGSSUBWAY-25AUG08-25,"The Subway streams by Aug 8, 2025?",1018,0.995
,2025-08-08T15:00:00Z,-1,KXAPRPOTUS-25AUG08,269709,0.295,1569,Will the President's approval rating be between 45.6 and 46.0 according to RealClearPolitics?,,active,,KXAPRPOTUS-25AUG08-45.8,Will the President's approval rating be between 45.6 and 46.0 according to RealClearPolitics?,1843,0.705
,2025-08-08T21:00:00Z,-1,KXBTCD-25AUG0817,2447470,0.3,610,"Bitcoin price  on Aug 8, 2025?",,active,,KXBTCD-25AUG0817-T110499.99,"Bitcoin price  on Aug 8, 2025?",610,0.85
,2025-08-08T21:00:00Z,-1,KXBTCD-25AUG0817,1989834,0.3,615,"Bitcoin price  on Aug 8, 2025?",,active,,KXBTCD-25AUG0817-T110999.99,"Bitcoin price  on Aug 8, 2025?",659,0.85
,2025-08-08T21:00:00Z,-1,KXBTCD-25AUG0817,-196442,0.3,649,"Bitcoin price  on Aug 8, 2025?",,active,,KXBTCD-25AUG0817-T111499.99,"Bitcoin price  on Aug 8, 2025?",651,0.85
,2025-08-08T21:00:00Z,-1,KXBTCD-25AUG0817,248115,0.19,660,"Bitcoin price  on Aug 8, 2025?",,active,,KXBTCD-25AUG0817-T111999.99,"Bitcoin price  on Aug 8, 2025?",698,0.81
,2025-08-08T21:00:00Z,-1,KXBTCD-25AUG0817,1420165,0.16,962,"Bitcoin price  on Aug 8, 2025?",,active,,KXBTCD-25AUG0817-T112499.99,"Bitcoin price  on Aug 8, 2025?",2012,0.84
,2025-08-08T21:00:00Z,-1,KXBTCD-25AUG0817,8262480,0.275,4165,"Bitcoin price  on Aug 8, 2025?",,active,,KXBTCD-25AUG0817-T112999.99,"Bitcoin price  on Aug 8, 2025?",5776,0.725
,2025-08-08T21:00:00Z,-1,KXBTCD-25AUG0817,4721412,0.235,1001,"Bitcoin price  on Aug 8, 2025?",,active,,KXBTCD-25AUG0817-T113499.99,"Bitcoin price  on Aug 8, 2025?",3276,0.765
,2025-08-08T21:00:00Z,-1,KXBTCD-25AUG0817,6018168,0.285,994,"Bitcoin price  on Aug 8, 2025?",,active,,KXBTCD-25AUG0817-T113999.99,"Bitcoin price  on Aug 8, 2025?",1684,0.715
,2025-08-08T21:00:00Z,-1,KXBTCD-25AUG0817,2941720,0.355,692,"Bitcoin price  on Aug 8, 2025?",,active,,KXBTCD-25AUG0817-T114499.99,"Bitcoin price  on Aug 8, 2025?",9444,0.645
,2025-08-08T21:00:00Z,-1,KXBTCD-25AUG0817,3099680,0.38,545,"Bitcoin price  on Aug 8, 2025?",,active,,KXBTCD-25AUG0817-T114999.99,"Bitcoin price  on Aug 8, 2025?",5898,0.62
,2025-08-08T21:00:00Z,-1,KXBTCD-25AUG0817,1303075,0.555,600,"Bitcoin price  on Aug 8, 2025?",,active,,KXBTCD-25AUG0817-T115999.99,"Bitcoin price  on Aug 8, 2025?",1289,0.445
,2025-08-09T14:00:00Z,-1,KXBERNIEMENTION-25AUG08,433277,0.195,2462,What will Bernie Sanders say during speech during his Fighting Oligarchy tour?,,active,,KXBERNIEMENTION-25AUG08-TRU,What will Bernie Sanders say during speech during his Fighting Oligarchy tour?,3853,0.805
,2025-08-09T14:00:00Z,-1,KXBERNIEMENTION-25AUG08,740659,0.17,1567,What will Bernie Sanders say during speech during his Fighting Oligarchy tour?,,active,,KXBERNIEMENTION-25AUG08-BILL,What will Bernie Sanders say during speech during his Fighting Oligarchy tour?,1881,0.83
,2025-08-09T14:00:00Z,-1,KXBERNIEMENTION-25AUG08,111108,0.14,1628,What will Bernie Sanders say during speech during his Fighting Oligarchy tour?,,active,,KXBERNIEMENTION-25AUG08-ELON,What will Bernie Sanders say during speech during his Fighting Oligarchy tour?,1692,0.86
,2025-08-09T14:00:00Z,-1,KXBERNIEMENTION-25AUG08,386520,0.645,1431,What will Bernie Sanders say during speech during his Fighting Oligarchy tour?,,active,,KXBERNIEMENTION-25AUG08-OLI,What will Bernie Sanders say during speech during his Fighting Oligarchy tour?,1562,0.355
,2025-08-09T14:00:00Z,-1,KXBERNIEMENTION-25AUG08,125616,0.43,2955,What will Bernie Sanders say during speech during his Fighting Oligarchy tour?,,active,,KXBERNIEMENTION-25AUG08-CORR,What will Bernie Sanders say during speech during his Fighting Oligarchy tour?,3198,0.57
,2025-08-09T14:00:00Z,-1,KXBERNIEMENTION-25AUG08,357524,0.575,2088,What will Bernie Sanders say during speech during his Fighting Oligarchy tour?,,active,,KXBERNIEMENTION-25AUG08-EPS,What will Bernie Sanders say during speech during his Fighting Oligarchy tour?,2433,0.425
,2025-08-09T14:00:00Z,-1,KXBERNIEMENTION-25AUG08,255913,0.25,1303,What will Bernie Sanders say during speech during his Fighting Oligarchy tour?,,active,,KXBERNIEMENTION-25AUG08-GREED,What will Bernie Sanders say during speech during his Fighting Oligarchy tour?,1828,0.75
,2025-08-09T14:00:00Z,-1,KXBERNIEMENTION-25AUG08,119318,0.41,571,What will Bernie Sanders say during speech during his Fighting Oligarchy tour?,,active,,KXBERNIEMENTION-25AUG08-ICE,What will Bernie Sanders say during speech during his Fighting Oligarchy tour?,987,0.59
,2025-08-09T14:00:00Z,-1,KXBERNIEMENTION-25AUG08,217465,0.55,1146,What will Bernie Sanders say during speech during his Fighting Oligarchy tour?,,active,,KXBERNIEMENTION-25AUG08-TAR,What will Bernie Sanders say during speech during his Fighting Oligarchy tour?,1461,0.45
,2025-08-09T14:00:00Z,-1,KXBERNIEMENTION-25AUG08,75636,0.145,1699,What will Bernie Sanders say during speech during his Fighting Oligarchy tour?,,active,,KXBERNIEMENTION-25AUG08-WORK,What will Bernie Sanders say during speech during his Fighting Oligarchy tour?,1745,0.855
,2025-08-10T03:59:00Z,-1,KXSPACEXSTARSHIP,174799,0.995,3769,"Will SpaceX launch another Starship by Aug 9, 2025?",,active,,KXSPACEXSTARSHIP-25AUG09,"Will SpaceX launch another Starship by Aug 9, 2025?",5696,0.01
,2025-08-11T03:59:00Z,-1,KXTOPSONG-25AUG16,424695,0.09,4528,Will Golden be the #1 song on the Billboard Hot 100 charts this week?,,active,,KXTOPSONG-25AUG16-GOL,Will Golden be the #1 song on the Billboard Hot 100 charts this week?,4786,0.91
,2025-08-11T03:59:00Z,-1,KXBILLBOARDRUNNERUPSONG-25AUG16,332812,0.12,1702,"Billboard Hot 100 #2 on Aug 16, 2025 chart?",,active,,KXBILLBOARDRUNNERUPSONG-25AUG16-ORD,"Billboard Hot 100 #2 on Aug 16, 2025 chart?",1755,0.88
,2025-08-11T03:59:00Z,-1,KXTSAW-25AUG10,3065942,0.295,565,Will more than 2700000 people be **screened by the TSA** on average this week?,,active,,KXTSAW-25AUG10-A2.70,Will more than 2700000 people be **screened by the TSA** on average this week?,820,0.705
,2025-08-11T03:59:00Z,-1,KXAAAGASW-25AUG11,1876626,0.45,32825,Will average **gas prices** be above $3.152?,,active,,KXAAAGASW-25AUG11-3.152,Will average **gas prices** be above $3.152?,36524,0.55
,2025-08-11T14:00:00Z,-1,KXRTFREAKIERFRIDAY,557582,0.01,6956,Freakier Friday Rotten Tomatoes score?,,active,,KXRTFREAKIERFRIDAY-45,Freakier Friday Rotten Tomatoes score?,12530,0.995
,2025-08-11T14:00:00Z,-1,KXRTFREAKIERFRIDAY,539721,0.01,8399,Freakier Friday Rotten Tomatoes score?,,active,,KXRTFREAKIERFRIDAY-60,Freakier Friday Rotten Tomatoes score?,23410,0.995
,2025-08-11T14:00:00Z,-1,KXRTFREAKIERFRIDAY,1333501,0.605,20387,Freakier Friday Rotten Tomatoes score?,,active,,KXRTFREAKIERFRIDAY-75,Freakier Friday Rotten Tomatoes score?,50619,0.395
,2025-08-11T14:00:00Z,-1,KXRTFREAKIERFRIDAY,616598,0.995,9486,Freakier Friday Rotten Tomatoes score?,,active,,KXRTFREAKIERFRIDAY-90,Freakier Friday Rotten Tomatoes score?,12898,0.01
,2025-08-11T14:00:00Z,-1,KXRTWEAPONS,5615881,0.01,1097,Weapons Rotten Tomatoes score?,,active,,KXRTWEAPONS-45,Weapons Rotten Tomatoes score?,1149,0.995
,2025-08-11T14:00:00Z,-1,KXRTWEAPONS,5449489,0.01,1542,Weapons Rotten Tomatoes score?,,active,,KXRTWEAPONS-60,Weapons Rotten Tomatoes score?,2723,0.995
,2025-08-11T14:00:00Z,-1,KXRTWEAPONS,6465398,0.01,6897,Weapons Rotten Tomatoes score?,,active,,KXRTWEAPONS-75,Weapons Rotten Tomatoes score?,11441,0.995
,2025-08-11T14:00:00Z,-1,KXRTWEAPONS,972752,0.015,27984,Weapons Rotten Tomatoes score?,,active,,KXRTWEAPONS-90,Weapons Rotten Tomatoes score?,72453,0.985
,2025-08-11T14:00:00Z,-1,KXRTWEAPONS,6174182,0.01,8562,Weapons Rotten Tomatoes score?,,active,,KXRTWEAPONS-80,Weapons Rotten Tomatoes score?,14576,0.995
,2025-08-11T14:00:00Z,-1,KXRTWEAPONS,988265,0.01,10265,Weapons Rotten Tomatoes score?,,active,,KXRTWEAPONS-85,Weapons Rotten Tomatoes score?,24021,0.995
,2025-08-11T14:00:00Z,-1,KXRTWEAPONS,725715,0.245,25064,Weapons Rotten Tomatoes score?,,active,,KXRTWEAPONS-95,Weapons Rotten Tomatoes score?,44919,0.755
,2025-08-11T14:00:00Z,-1,KXRTFREAKIERFRIDAY,522080,0.01,1227,Freakier Friday Rotten Tomatoes score?,,active,,KXRTFREAKIERFRIDAY-55,Freakier Friday Rotten Tomatoes score?,1785,0.995
,2025-08-11T14:00:00Z,-1,KXRTFREAKIERFRIDAY,401929,0.01,3937,Freakier Friday Rotten Tomatoes score?,,active,,KXRTFREAKIERFRIDAY-65,Freakier Friday Rotten Tomatoes score?,7698,0.995
,2025-08-11T14:00:00Z,-1,KXRTFREAKIERFRIDAY,889513,0.1,11689,Freakier Friday Rotten Tomatoes score?,,active,,KXRTFREAKIERFRIDAY-70,Freakier Friday Rotten Tomatoes score?,22290,0.9
,2025-08-11T14:00:00Z,-1,KXRTWEAPONS,439642,0.01,3982,Weapons Rotten Tomatoes score?,,active,,KXRTWEAPONS-87,Weapons Rotten Tomatoes score?,11084,0.995
,2025-08-11T14:00:00Z,-1,KXRTWEAPONS,538196,0.06,17895,Weapons Rotten Tomatoes score?,,active,,KXRTWEAPONS-92,Weapons Rotten Tomatoes score?,35600,0.94
,2025-08-11T14:00:00Z,-1,KXRTWEAPONS,1613330,0.655,21367,Weapons Rotten Tomatoes score?,,active,,KXRTWEAPONS-97,Weapons Rotten Tomatoes score?,34187,0.345
,2025-08-11T14:00:00Z,-1,KXRTFREAKIERFRIDAY,1303597,0.97,17540,Freakier Friday Rotten Tomatoes score?,,active,,KXRTFREAKIERFRIDAY-80B,Freakier Friday Rotten Tomatoes score?,42939,0.03
,2025-08-11T14:00:00Z,-1,KXRTFREAKIERFRIDAY,467481,0.995,32726,Freakier Friday Rotten Tomatoes score?,,active,,KXRTFREAKIERFRIDAY-85,Freakier Friday Rotten Tomatoes score?,47760,0.01
,2025-08-12T03:59:00Z,-1,KXNETFLIXRANKMOVIE-25AUG11,182266,0.995,1617,"Top Netflix movie on Aug 11, 2025?",,active,,KXNETFLIXRANKMOVIE-25AUG11-HAPP,"Top Netflix movie on Aug 11, 2025?",1617,0.01
,2025-08-12T12:25:00Z,-1,KXCPICORE-25JUL,2499915,0.085,1721,Will core inflation rise more than 0.1% in July?,,active,,KXCPICORE-25JUL-T0.1,Will core inflation rise more than 0.1% in July?,1721,0.915
,2025-08-12T12:25:00Z,-1,KXCPICORE-25JUL,3623689,0.21,8279,Will core inflation rise more than 0.2% in July?,,active,,KXCPICORE-25JUL-T0.2,Will core inflation rise more than 0.2% in July?,8990,0.79
,2025-08-12T12:25:00Z,-1,KXCPICORE-25JUL,3015191,0.695,19211,Will core inflation rise more than 0.3% in July?,,active,,KXCPICORE-25JUL-T0.3,Will core inflation rise more than 0.3% in July?,33756,0.305
,2025-08-12T12:25:00Z,-1,KXCPICOREYOY-25JUL,3332432,0.16,4278,Will the rate of core CPI inflation be above 2.9% for the year ending in July 2025?,,active,,KXCPICOREYOY-25JUL-T2.9,Will the rate of core CPI inflation be above 2.9% for the year ending in July 2025?,7933,0.84
,2025-08-12T12:25:00Z,-1,KXCPICOREYOY-25JUL,2126080,0.555,9947,Will the rate of core CPI inflation be above 3.0% for the year ending in July 2025?,,active,,KXCPICOREYOY-25JUL-T3.0,Will the rate of core CPI inflation be above 3.0% for the year ending in July 2025?,20193,0.445
,2025-08-12T12:25:00Z,-1,KXCPICOREYOY-25JUL,2038148,0.89,10058,Will the rate of core CPI inflation be above 3.1% for the year ending in July 2025?,,active,,KXCPICOREYOY-25JUL-T3.1,Will the rate of core CPI inflation be above 3.1% for the year ending in July 2025?,12225,0.11
,2025-08-12T12:25:00Z,-1,KXEGGS-JUL,1080347,0.715,37298,Will egg prices rise by more than 0% in Jul 2025?,,active,,KXEGGS-JUL-0,Will egg prices rise by more than 0% in Jul 2025?,77147,0.285
,2025-08-12T12:25:00Z,-1,KXCPICOREYOY-25JUL,1650175,0.05,5153,Will the rate of core CPI inflation be above 2.8% for the year ending in July 2025?,,active,,KXCPICOREYOY-25JUL-T2.8,Will the rate of core CPI inflation be above 2.8% for the year ending in July 2025?,6347,0.95
,2025-08-12T12:29:00Z,-1,KXCPI-25JUL,3946484,0.025,58260,Will CPI rise more than 0.0% in July 2025?,,active,,KXCPI-25JUL-T0.0,Will CPI rise more than 0.0% in July 2025?,93930,0.975
,2025-08-12T12:29:00Z,-1,KXCPI-25JUL,1237273,0.015,34883,Will CPI rise more than -0.1% in July 2025?,,active,,KXCPI-25JUL-T-0.1,Will CPI rise more than -0.1% in July 2025?,39565,0.985
,2025-08-12T12:29:00Z,-1,KXCPI-25JUL,5496984,0.165,201320,Will CPI rise more than 0.1% in July 2025?,,active,,KXCPI-25JUL-T0.1,Will CPI rise more than 0.1% in July 2025?,345011,0.835
,2025-08-12T12:29:00Z,-1,KXCPI-25JUL,7088266,0.57,182183,Will CPI rise more than 0.2% in July 2025?,,active,,KXCPI-25JUL-T0.2,Will CPI rise more than 0.2% in July 2025?,389088,0.43
,2025-08-12T12:29:00Z,-1,KXCPI-25JUL,6732161,0.895,78116,Will CPI rise more than 0.3% in July 2025?,,active,,KXCPI-25JUL-T0.3,Will CPI rise more than 0.3% in July 2025?,185980,0.105
,2025-08-12T12:29:00Z,-1,KXCPI-25JUL,1523353,0.98,47160,Will CPI rise more than 0.4% in July 2025?,,active,,KXCPI-25JUL-T0.4,Will CPI rise more than 0.4% in July 2025?,66026,0.02
,2025-08-12T12:29:00Z,-1,KXCPIYOY-25JUL,1675325,0.02,26660,Will the rate of CPI inflation be above 2.4% for the year ending in July 2025?,,active,,KXCPIYOY-25JUL-T2.4,Will the rate of CPI inflation be above 2.4% for the year ending in July 2025?,46153,0.99
,2025-08-12T12:29:00Z,-1,KXCPIYOY-25JUL,1343467,0.03,33529,Will the rate of CPI inflation be above 2.5% for the year ending in July 2025?,,active,,KXCPIYOY-25JUL-T2.5,Will the rate of CPI inflation be above 2.5% for the year ending in July 2025?,50117,0.97
,2025-08-12T12:29:00Z,-1,KXCPIYOY-25JUL,4960770,0.1,162737,Will the rate of CPI inflation be above 2.6% for the year ending in July 2025?,,active,,KXCPIYOY-25JUL-T2.6,Will the rate of CPI inflation be above 2.6% for the year ending in July 2025?,353180,0.9
,2025-08-12T12:29:00Z,-1,KXCPIYOY-25JUL,9236869,0.4,113679,Will the rate of CPI inflation be above 2.7% for the year ending in July 2025?,,active,,KXCPIYOY-25JUL-T2.7,Will the rate of CPI inflation be above 2.7% for the year ending in July 2025?,331644,0.6
,2025-08-12T12:29:00Z,-1,KXCPIYOY-25JUL,7011442,0.825,83351,Will the rate of CPI inflation be above 2.8% for the year ending in July 2025?,,active,,KXCPIYOY-25JUL-T2.8,Will the rate of CPI inflation be above 2.8% for the year ending in July 2025?,222367,0.175
,2025-08-12T12:29:00Z,-1,KXCPIYOY-25JUL,4358513,0.965,139778,Will the rate of CPI inflation be above 2.9% for the year ending in July 2025?,,active,,KXCPIYOY-25JUL-T2.9,Will the rate of CPI inflation be above 2.9% for the year ending in July 2025?,223775,0.035
,2025-08-12T12:29:00Z,-1,KXCPIYOY-25JUL,1332448,0.98,31010,Will the rate of CPI inflation be above 3.0% for the year ending in July 2025?,,active,,KXCPIYOY-25JUL-T3.0,Will the rate of CPI inflation be above 3.0% for the year ending in July 2025?,48999,0.02
,2025-08-12T12:29:00Z,-1,KXCPIYOY-25JUL,1496467,0.99,6157,Will the rate of CPI inflation be above 3.1% for the year ending in July 2025?,,active,,KXCPIYOY-25JUL-T3.1,Will the rate of CPI inflation be above 3.1% for the year ending in July 2025?,9422,0.02
,2025-08-15T03:59:00Z,-1,KXNEXTHURDATE-0,1077733,0.665,6433,When will the next hurricane form?,,active,,KXNEXTHURDATE-0-25AUG15,When will the next hurricane form?,19688,0.335
,2025-08-15T14:00:00Z,-1,KXRTALIENEARTH,146563,0.01,991,Alien: Earth Rotten Tomatoes score?,,active,,KXRTALIENEARTH-70,Alien: Earth Rotten Tomatoes score?,1235,0.995
,2025-08-15T14:00:00Z,-1,KXRTALIENEARTH,154663,0.03,542,Alien: Earth Rotten Tomatoes score?,,active,,KXRTALIENEARTH-75,Alien: Earth Rotten Tomatoes score?,694,0.985
,2025-08-15T14:00:00Z,-1,KXRTALIENEARTH,202441,0.045,2813,Alien: Earth Rotten Tomatoes score?,,active,,KXRTALIENEARTH-80,Alien: Earth Rotten Tomatoes score?,4416,0.955
,2025-08-15T14:00:00Z,-1,KXRTALIENEARTH,278433,0.16,3336,Alien: Earth Rotten Tomatoes score?,,active,,KXRTALIENEARTH-85,Alien: Earth Rotten Tomatoes score?,7327,0.84
,2025-08-15T14:00:00Z,-1,KXRTALIENEARTH,591286,0.555,3817,Alien: Earth Rotten Tomatoes score?,,active,,KXRTALIENEARTH-90,Alien: Earth Rotten Tomatoes score?,6917,0.445
,2025-08-15T14:00:00Z,-1,KXRTALIENEARTH,890536,0.95,9379,Alien: Earth Rotten Tomatoes score?,,active,,KXRTALIENEARTH-95,Alien: Earth Rotten Tomatoes score?,11835,0.05
,2025-08-15T14:00:00Z,-1,KXRTALIENEARTH,179983,0.995,229,Alien: Earth Rotten Tomatoes score?,,active,,KXRTALIENEARTH-97,Alien: Earth Rotten Tomatoes score?,1675,0.01
,2025-08-16T03:59:00Z,-1,KXHMONTHRANGE-25JUL,621225,0.365,11218,Jul 2025 temperature increase?,,active,,KXHMONTHRANGE-25JUL-T1.03,Jul 2025 temperature increase?,21990,0.635
,2025-08-16T03:59:00Z,-1,KXHMONTHRANGE-25JUL,760384,0.65,10204,Jul 2025 temperature increase?,,active,,KXHMONTHRANGE-25JUL-B1.065,Jul 2025 temperature increase?,17785,0.35
,2025-08-16T03:59:00Z,-1,KXHMONTHRANGE-25JUL,22720,0.95,6253,Jul 2025 temperature increase?,,active,,KXHMONTHRANGE-25JUL-B1.130,Jul 2025 temperature increase?,8195,0.1
,2025-08-16T03:59:00Z,-1,KXHMONTHRANGE-25JUL,28855,0.975,2200,Jul 2025 temperature increase?,,active,,KXHMONTHRANGE-25JUL-B1.200,Jul 2025 temperature increase?,2374,0.05
,2025-08-16T03:59:00Z,-1,KXHMONTHRANGE-25JUL,31844,0.98,1715,Jul 2025 temperature increase?,,active,,KXHMONTHRANGE-25JUL-B1.270,Jul 2025 temperature increase?,1915,0.04
,2025-08-16T03:59:00Z,-1,KXHMONTHRANGE-25JUL,38704,0.99,1805,Jul 2025 temperature increase?,,active,,KXHMONTHRANGE-25JUL-T1.30,Jul 2025 temperature increase?,2124,0.02
,2025-08-16T03:59:00Z,-1,KXHMONTH-25JUL,140635,0.995,165199,Will  Jul 2025 be the hottest Jul ever?,,active,,KXHMONTH-25JUL,Will  Jul 2025 be the hottest Jul ever?,269841,0.01
,2025-08-17T03:59:00Z,-1,KXSPACEXSTARSHIP,651519,0.93,14460,"Will SpaceX launch another Starship by Aug 16, 2025?",,active,,KXSPACEXSTARSHIP-25AUG16,"Will SpaceX launch another Starship by Aug 16, 2025?",31555,0.07
,2025-08-18T14:00:00Z,-1,KXRTNOBODY2,4989508,0.04,1907,Nobody 2 Rotten Tomatoes score?,,active,,KXRTNOBODY2-45,Nobody 2 Rotten Tomatoes score?,1968,0.98
,2025-08-18T14:00:00Z,-1,KXRTNOBODY2,3509714,0.02,1797,Nobody 2 Rotten Tomatoes score?,,active,,KXRTNOBODY2-60,Nobody 2 Rotten Tomatoes score?,3126,0.98
,2025-08-18T14:00:00Z,-1,KXRTNOBODY2,1461027,0.265,4215,Nobody 2 Rotten Tomatoes score?,,active,,KXRTNOBODY2-75,Nobody 2 Rotten Tomatoes score?,12726,0.735
,2025-08-18T14:00:00Z,-1,KXRTNOBODY2,2226078,0.97,2362,Nobody 2 Rotten Tomatoes score?,,active,,KXRTNOBODY2-90,Nobody 2 Rotten Tomatoes score?,4682,0.06
,2025-08-18T14:00:00Z,-1,KXRTNOBODY2,1088749,0.025,2187,Nobody 2 Rotten Tomatoes score?,,active,,KXRTNOBODY2-65,Nobody 2 Rotten Tomatoes score?,2380,0.975
,2025-08-18T14:00:00Z,-1,KXRTNOBODY2,938063,0.095,5354,Nobody 2 Rotten Tomatoes score?,,active,,KXRTNOBODY2-70,Nobody 2 Rotten Tomatoes score?,6484,0.905
,2025-08-18T14:00:00Z,-1,KXRTNOBODY2,563048,0.5,8468,Nobody 2 Rotten Tomatoes score?,,active,,KXRTNOBODY2-80,Nobody 2 Rotten Tomatoes score?,16821,0.5
,2025-08-19T16:50:00Z,-1,KXWTAMATCH-25AUG05NGOGAD,3710593,0.775,34851,Will Olivia Gadecki win the Ngounoue vs Gadecki match?,,active,,KXWTAMATCH-25AUG05NGOGAD-GAD,Will Olivia Gadecki win the Ngounoue vs Gadecki match?,92419,0.225
,2025-08-19T16:50:00Z,-1,KXWTAMATCH-25AUG05NGOGAD,3653471,0.325,40708,Will Clervie Ngounoue win the Ngounoue vs Gadecki match?,,active,,KXWTAMATCH-25AUG05NGOGAD-NGO,Will Clervie Ngounoue win the Ngounoue vs Gadecki match?,109264,0.675
,2025-08-19T19:10:00Z,-1,KXWTAMATCH-25AUG05JEAZHA,6966950,0.17,12373,Will Leolia Jeanjean win the Jeanjean vs Zhao match?,,active,,KXWTAMATCH-25AUG05JEAZHA-JEA,Will Leolia Jeanjean win the Jeanjean vs Zhao match?,24365,0.83
,2025-08-19T19:10:00Z,-1,KXWTAMATCH-25AUG05JEAZHA,6467404,0.785,6075,Will Carol Zhao win the Jeanjean vs Zhao match?,,active,,KXWTAMATCH-25AUG05JEAZHA-ZHA,Will Carol Zhao win the Jeanjean vs Zhao match?,8338,0.215
,2025-08-20T16:35:00Z,-1,KXMLBGAME-25AUG06SFPIT,8749820,0.37,41412,San Francisco at Pittsburgh Winner?,,active,,KXMLBGAME-25AUG06SFPIT-PIT,San Francisco at Pittsburgh Winner?,55902,0.63
,2025-08-20T16:35:00Z,-1,KXMLBGAME-25AUG06SFPIT,13579729,0.645,85745,San Francisco at Pittsburgh Winner?,,active,,KXMLBGAME-25AUG06SFPIT-SF,San Francisco at Pittsburgh Winner?,99404,0.355
,2025-08-20T16:35:00Z,-1,KXMLBGAME-25AUG06BALPHI,13418622,0.205,46366,Baltimore at Philadelphia Winner?,,active,,KXMLBGAME-25AUG06BALPHI-BAL,Baltimore at Philadelphia Winner?,68932,0.795
,2025-08-20T16:35:00Z,-1,KXMLBGAME-25AUG06BALPHI,12485215,0.81,90877,Baltimore at Philadelphia Winner?,,active,,KXMLBGAME-25AUG06BALPHI-PHI,Baltimore at Philadelphia Winner?,105206,0.19
,2025-08-20T17:10:00Z,-1,KXMLBGAME-25AUG06MINDET,15069135,0.265,20401,Minnesota at Detroit Winner?,,active,,KXMLBGAME-25AUG06MINDET-DET,Minnesota at Detroit Winner?,24750,0.735
,2025-08-20T17:10:00Z,-1,KXMLBGAME-25AUG06MINDET,15115229,0.735,17019,Minnesota at Detroit Winner?,,active,,KXMLBGAME-25AUG06MINDET-MIN,Minnesota at Detroit Winner?,23120,0.265
,2025-08-20T17:10:00Z,-1,KXMLBGAME-25AUG06CLENYM,15039156,0.225,37637,Cleveland at New York M Winner?,,active,,KXMLBGAME-25AUG06CLENYM-CLE,Cleveland at New York M Winner?,39648,0.775
,2025-08-20T17:10:00Z,-1,KXMLBGAME-25AUG06CLENYM,14883162,0.775,41633,Cleveland at New York M Winner?,,active,,KXMLBGAME-25AUG06CLENYM-NYM,Cleveland at New York M Winner?,48109,0.225
,2025-08-20T18:20:00Z,-1,KXMLBGAME-25AUG06CINCHC,46914300,0.455,10848,Cincinnati at Chicago C Winner?,,active,,KXMLBGAME-25AUG06CINCHC-CHC,Cincinnati at Chicago C Winner?,12177,0.545
,2025-08-20T18:20:00Z,-1,KXMLBGAME-25AUG06CINCHC,46506051,0.555,10711,Cincinnati at Chicago C Winner?,,active,,KXMLBGAME-25AUG06CINCHC-CIN,Cincinnati at Chicago C Winner?,10713,0.445
,2025-08-20T18:35:00Z,-1,KXMLBGAME-25AUG06NYYTEX,44551037,0.455,17537,New York Y at Texas Winner?,,active,,KXMLBGAME-25AUG06NYYTEX-NYY,New York Y at Texas Winner?,18371,0.545
,2025-08-20T18:35:00Z,-1,KXMLBGAME-25AUG06NYYTEX,44724764,0.54,20505,New York Y at Texas Winner?,,active,,KXMLBGAME-25AUG06NYYTEX-TEX,New York Y at Texas Winner?,20547,0.46
,2025-08-20T19:10:00Z,-1,KXMLBGAME-25AUG06TORCOL,44949002,0.71,4579,Toronto at Colorado Winner?,,active,,KXMLBGAME-25AUG06TORCOL-COL,Toronto at Colorado Winner?,4739,0.29
,2025-08-20T19:10:00Z,-1,KXMLBGAME-25AUG06TORCOL,45876009,0.295,36360,Toronto at Colorado Winner?,,active,,KXMLBGAME-25AUG06TORCOL-TOR,Toronto at Colorado Winner?,36722,0.705
,2025-08-20T20:07:00Z,-1,KXMLBGAME-25AUG06TBLAA,45706691,0.52,2276,Tampa Bay at Los Angeles A Winner?,,active,,KXMLBGAME-25AUG06TBLAA-LAA,Tampa Bay at Los Angeles A Winner?,2497,0.48
,2025-08-20T20:07:00Z,-1,KXMLBGAME-25AUG06TBLAA,45992202,0.48,1179,Tampa Bay at Los Angeles A Winner?,,active,,KXMLBGAME-25AUG06TBLAA-TB,Tampa Bay at Los Angeles A Winner?,1194,0.52
,2025-08-20T20:10:00Z,-1,KXMLBGAME-25AUG06STLLAD,46240089,0.345,4377,St. Louis at Los Angeles D Winner?,,active,,KXMLBGAME-25AUG06STLLAD-LAD,St. Louis at Los Angeles D Winner?,10058,0.655
,2025-08-20T20:10:00Z,-1,KXMLBGAME-25AUG06STLLAD,45319636,0.655,1773,St. Louis at Los Angeles D Winner?,,active,,KXMLBGAME-25AUG06STLLAD-STL,St. Louis at Los Angeles D Winner?,1830,0.345
,2025-08-20T20:40:00Z,-1,KXMLBGAME-25AUG06HOUMIA,47537436,0.475,8240,Houston at Miami Winner?,,active,,KXMLBGAME-25AUG06HOUMIA-MIA,Houston at Miami Winner?,8250,0.525
,2025-08-20T20:40:00Z,-1,KXMLBGAME-25AUG06HOUMIA,46931514,0.525,7984,Houston at Miami Winner?,,active,,KXMLBGAME-25AUG06HOUMIA-HOU,Houston at Miami Winner?,7994,0.475
,2025-08-20T22:00:00Z,-1,KXWTAMATCH-25AUG06MBORYB,28503958,0.675,6099,Will Victoria Mboko win the Mboko vs Rybakina match?,,active,,KXWTAMATCH-25AUG06MBORYB-MBO,Will Victoria Mboko win the Mboko vs Rybakina match?,6099,0.325
,2025-08-20T22:00:00Z,-1,KXWTAMATCH-25AUG06MBORYB,29432860,0.325,9308,Will Elena Rybakina win the Mboko vs Rybakina match?,,active,,KXWTAMATCH-25AUG06MBORYB-RYB,Will Elena Rybakina win the Mboko vs Rybakina match?,9615,0.675
,2025-08-20T22:45:00Z,-1,KXMLBGAME-25AUG06ATHWSH,46977187,0.435,5136,A's at Washington Winner?,,active,,KXMLBGAME-25AUG06ATHWSH-ATH,A's at Washington Winner?,5824,0.565
,2025-08-20T23:00:00Z,-1,KXATPMATCH-25AUG06ZVEKHA,37112881,0.32,9362,Will Alexander Zverev win the Zverev vs Khachanov match?,,active,,KXATPMATCH-25AUG06ZVEKHA-ZVE,Will Alexander Zverev win the Zverev vs Khachanov match?,9388,0.68
,2025-08-20T23:10:00Z,-1,KXMLBGAME-25AUG06KCBOS,46118873,0.445,2453,Kansas City at Boston Winner?,,active,,KXMLBGAME-25AUG06KCBOS-BOS,Kansas City at Boston Winner?,2667,0.555
,2025-08-20T23:10:00Z,-1,KXMLBGAME-25AUG06KCBOS,45447645,0.555,2507,Kansas City at Boston Winner?,,active,,KXMLBGAME-25AUG06KCBOS-KC,Kansas City at Boston Winner?,2507,0.445
,2025-08-20T23:10:00Z,-1,KXWTAMATCH-25AUG06OSATAU,30035675,0.4,2652,Will Naomi Osaka win the Osaka vs Tauson match?,,active,,KXWTAMATCH-25AUG06OSATAU-OSA,Will Naomi Osaka win the Osaka vs Tauson match?,3373,0.6
,2025-08-20T23:10:00Z,-1,KXWTAMATCH-25AUG06OSATAU,32355058,0.605,2988,Will Clara Tauson win the Osaka vs Tauson match?,,active,,KXWTAMATCH-25AUG06OSATAU-TAU,Will Clara Tauson win the Osaka vs Tauson match?,3080,0.395
,2025-08-20T23:15:00Z,-1,KXMLBGAME-25AUG06MILATL,46038387,0.455,4976,Milwaukee at Atlanta Winner?,,active,,KXMLBGAME-25AUG06MILATL-ATL,Milwaukee at Atlanta Winner?,6579,0.545
,2025-08-20T23:15:00Z,-1,KXMLBGAME-25AUG06MILATL,45626504,0.545,9741,Milwaukee at Atlanta Winner?,,active,,KXMLBGAME-25AUG06MILATL-MIL,Milwaukee at Atlanta Winner?,10340,0.455
,2025-08-21T01:40:00Z,-1,KXMLBGAME-25AUG06CWSSEA,47673524,0.295,1387,Chicago WS at Seattle Winner?,,active,,KXMLBGAME-25AUG06CWSSEA-SEA,Chicago WS at Seattle Winner?,1432,0.705
,2025-08-21T01:40:00Z,-1,KXMLBGAME-25AUG06SDAZ,48345261,0.565,6782,San Diego at Arizona Winner?,,active,,KXMLBGAME-25AUG06SDAZ-AZ,San Diego at Arizona Winner?,6782,0.435
,2025-08-21T01:40:00Z,-1,KXMLBGAME-25AUG06SDAZ,48506376,0.435,2256,San Diego at Arizona Winner?,,active,,KXMLBGAME-25AUG06SDAZ-SD,San Diego at Arizona Winner?,2256,0.565
,2025-08-21T02:00:00Z,-1,KXWNBAGAME-25AUG06LVGS,68819211,0.665,7546,Las Vegas vs Golden State Winner?,,active,,KXWNBAGAME-25AUG06LVGS-GS,Las Vegas vs Golden State Winner?,9716,0.335
,2025-08-21T02:00:00Z,-1,KXWNBAGAME-25AUG06LVGS,68804588,0.34,5666,Las Vegas vs Golden State Winner?,,active,,KXWNBAGAME-25AUG06LVGS-LV,Las Vegas vs Golden State Winner?,6150,0.66
,2025-08-22T02:00:00Z,-1,KXWNBAGAME-25AUG07INDPHX,4516013,0.665,1281,Indiana vs Phoenix Winner?,,active,,KXWNBAGAME-25AUG07INDPHX-IND,Indiana vs Phoenix Winner?,1840,0.335
,2025-08-24T00:00:00Z,-1,KXPGATOUR-FSJC25,57006421,0.97,107682,Will Ludvig Aberg win the FedEx St. Jude Championship?,,active,,KXPGATOUR-FSJC25-LABE,Will Ludvig Aberg win the FedEx St. Jude Championship?,108778,0.03
,2025-08-24T00:00:00Z,-1,KXPGATOUR-FSJC25,32090002,0.985,58964,Will Keegan Bradley win the FedEx St. Jude Championship?,,active,,KXPGATOUR-FSJC25-KBRA,Will Keegan Bradley win the FedEx St. Jude Championship?,58964,0.015
,2025-08-24T00:00:00Z,-1,KXPGATOUR-FSJC25,23712407,0.995,50221,Will Brian Campbell win the FedEx St. Jude Championship?,,active,,KXPGATOUR-FSJC25-BCAM,Will Brian Campbell win the FedEx St. Jude Championship?,50221,0.01
,2025-08-24T00:00:00Z,-1,KXPGATOUR-FSJC25,36847979,0.995,12833,Will Cameron Davis win the FedEx St. Jude Championship?,,active,,KXPGATOUR-FSJC25-CDAV,Will Cameron Davis win the FedEx St. Jude Championship?,12833,0.01
,2025-08-24T00:00:00Z,-1,KXPGATOUR-FSJC25,55511473,0.975,56393,Will Patrick Cantlay win the FedEx St. Jude Championship?,,active,,KXPGATOUR-FSJC25-PCAN,Will Patrick Cantlay win the FedEx St. Jude Championship?,56393,0.025
,2025-08-24T00:00:00Z,-1,KXPGATOUR-FSJC25,43531788,0.975,41107,Will Sam Burns win the FedEx St. Jude Championship?,,active,,KXPGATOUR-FSJC25-SBUR,Will Sam Burns win the FedEx St. Jude Championship?,41107,0.025
,2025-08-24T00:00:00Z,-1,KXPGATOUR-FSJC25,32454753,0.985,93054,Will Harris English win the FedEx St. Jude Championship?,,active,,KXPGATOUR-FSJC25-HENG,Will Harris English win the FedEx St. Jude Championship?,95091,0.015
,2025-08-24T00:00:00Z,-1,KXPGATOUR-FSJC25,25038264,0.995,3289,Will Jason Day win the FedEx St. Jude Championship?,,active,,KXPGATOUR-FSJC25-JDAY,Will Jason Day win the FedEx St. Jude Championship?,3289,0.01
,2025-08-24T00:00:00Z,-1,KXPGATOUR-FSJC25,45725169,0.965,333428,Will Matt Fitzpatrick win the FedEx St. Jude Championship?,,active,,KXPGATOUR-FSJC25-MFIT,Will Matt Fitzpatrick win the FedEx St. Jude Championship?,343259,0.035
,2025-08-24T00:00:00Z,-1,KXPGATOUR-FSJC25,23976915,0.995,11014,Will Nicolas Echavarria win the FedEx St. Jude Championship?,,active,,KXPGATOUR-FSJC25-NECH,Will Nicolas Echavarria win the FedEx St. Jude Championship?,11014,0.01
,2025-08-24T00:00:00Z,-1,KXPGATOUR-FSJC25,24070581,0.995,8292,Will Tony Finau win the FedEx St. Jude Championship?,,active,,KXPGATOUR-FSJC25-TFIN,Will Tony Finau win the FedEx St. Jude Championship?,8292,0.01
,2025-08-24T00:00:00Z,-1,KXPGATOUR-FSJC25,31913344,0.985,34324,Will Ben Griffin win the FedEx St. Jude Championship?,,active,,KXPGATOUR-FSJC25-BGRI,Will Ben Griffin win the FedEx St. Jude Championship?,35399,0.015
,2025-08-24T00:00:00Z,-1,KXPGATOUR-FSJC25,29651078,0.985,86686,Will Chris Gotterup win the FedEx St. Jude Championship?,,active,,KXPGATOUR-FSJC25-CGOT,Will Chris Gotterup win the FedEx St. Jude Championship?,86702,0.015
,2025-08-24T00:00:00Z,-1,KXPGATOUR-FSJC25,24086971,0.995,6122,Will Emiliano Grillo win the FedEx St. Jude Championship?,,active,,KXPGATOUR-FSJC25-EGRI,Will Emiliano Grillo win the FedEx St. Jude Championship?,6122,0.01
,2025-08-24T00:00:00Z,-1,KXPGATOUR-FSJC25,24851676,0.995,16899,Will Harry Hall win the FedEx St. Jude Championship?,,active,,KXPGATOUR-FSJC25-HHAL,Will Harry Hall win the FedEx St. Jude Championship?,26899,0.01
,2025-08-24T00:00:00Z,-1,KXPGATOUR-FSJC25,24239778,0.99,19537,Will Lucas Glover win the FedEx St. Jude Championship?,,active,,KXPGATOUR-FSJC25-LGLO,Will Lucas Glover win the FedEx St. Jude Championship?,19537,0.02
,2025-08-24T00:00:00Z,-1,KXPGATOUR-FSJC25,24601842,0.995,1305,Will Max Greyserman win the FedEx St. Jude Championship?,,active,,KXPGATOUR-FSJC25-MGRE,Will Max Greyserman win the FedEx St. Jude Championship?,1305,0.01
,2025-08-24T00:00:00Z,-1,KXPGATOUR-FSJC25,24270227,0.995,7048,Will Rickie Fowler win the FedEx St. Jude Championship?,,active,,KXPGATOUR-FSJC25-RFOW,Will Rickie Fowler win the FedEx St. Jude Championship?,7048,0.01
,2025-08-24T00:00:00Z,-1,KXPGATOUR-FSJC25,24088744,0.995,3616,Will Ryan Fox win the FedEx St. Jude Championship?,,active,,KXPGATOUR-FSJC25-RFOX,Will Ryan Fox win the FedEx St. Jude Championship?,3616,0.01
,2025-08-24T00:00:00Z,-1,KXPGATOUR-FSJC25,48318121,0.965,96088,Will Tommy Fleetwood win the FedEx St. Jude Championship?,,active,,KXPGATOUR-FSJC25-TFLE,Will Tommy Fleetwood win the FedEx St. Jude Championship?,96321,0.035
,2025-08-24T00:00:00Z,-1,KXPGATOUR-FSJC25,24137468,0.995,53753,Will Brian Harman win the FedEx St. Jude Championship?,,active,,KXPGATOUR-FSJC25-BHAR,Will Brian Harman win the FedEx St. Jude Championship?,54953,0.01
,2025-08-24T00:00:00Z,-1,KXPGATOUR-FSJC25,24075962,0.995,2356,Will Michael Kim win the FedEx St. Jude Championship?,,active,,KXPGATOUR-FSJC25-MKIM,Will Michael Kim win the FedEx St. Jude Championship?,2356,0.01
,2025-08-24T00:00:00Z,-1,KXPGATOUR-FSJC25,56523537,0.965,51610,Will Russell Henley win the FedEx St. Jude Championship?,,active,,KXPGATOUR-FSJC25-RHEN,Will Russell Henley win the FedEx St. Jude Championship?,52718,0.035
,2025-08-24T00:00:00Z,-1,KXPGATOUR-FSJC25,24160307,0.995,17895,Will Sungjae Im win the FedEx St. Jude Championship?,,active,,KXPGATOUR-FSJC25-SIM,Will Sungjae Im win the FedEx St. Jude Championship?,17895,0.01
,2025-08-24T00:00:00Z,-1,KXPGATOUR-FSJC25,24073549,0.995,1156,Will Stephan Jaeger win the FedEx St. Jude Championship?,,active,,KXPGATOUR-FSJC25-SJAE,Will Stephan Jaeger win the FedEx St. Jude Championship?,1156,0.01
,2025-08-24T00:00:00Z,-1,KXPGATOUR-FSJC25,24022594,0.995,32228,Will Si Woo Kim win the FedEx St. Jude Championship?,,active,,KXPGATOUR-FSJC25-SKIM,Will Si Woo Kim win the FedEx St. Jude Championship?,32228,0.01
,2025-08-24T00:00:00Z,-1,KXPGATOUR-FSJC25,63785980,0.975,79934,Will Viktor Hovland win the FedEx St. Jude Championship?,,active,,KXPGATOUR-FSJC25-VHOV,Will Viktor Hovland win the FedEx St. Jude Championship?,79935,0.025
,2025-08-24T00:00:00Z,-1,KXPGATOUR-FSJC25,24107560,0.995,5133,Will Andrew Novak win the FedEx St. Jude Championship?,,active,,KXPGATOUR-FSJC25-ANOV,Will Andrew Novak win the FedEx St. Jude Championship?,5133,0.01
,2025-08-24T00:00:00Z,-1,KXPGATOUR-FSJC25,58964563,0.975,40707,Will Collin Morikawa win the FedEx St. Jude Championship?,,active,,KXPGATOUR-FSJC25-CMOR,Will Collin Morikawa win the FedEx St. Jude Championship?,40707,0.025
,2025-08-24T00:00:00Z,-1,KXPGATOUR-FSJC25,45322747,0.975,46414,Will Hideki Matsuyama win the FedEx St. Jude Championship?,,active,,KXPGATOUR-FSJC25-HMAT,Will Hideki Matsuyama win the FedEx St. Jude Championship?,46414,0.025
,2025-08-24T00:00:00Z,-1,KXPGATOUR-FSJC25,24650413,0.995,21514,Will Jake Knapp win the FedEx St. Jude Championship?,,active,,KXPGATOUR-FSJC25-JKNA,Will Jake Knapp win the FedEx St. Jude Championship?,21514,0.01
,2025-08-24T00:00:00Z,-1,KXPGATOUR-FSJC25,24186419,0.995,1726,Will Min Woo Lee win the FedEx St. Jude Championship?,,active,,KXPGATOUR-FSJC25-MLEE,Will Min Woo Lee win the FedEx St. Jude Championship?,1726,0.01
,2025-08-24T00:00:00Z,-1,KXPGATOUR-FSJC25,23931322,0.995,13547,Will Aldrich Potgieter win the FedEx St. Jude Championship?,,active,,KXPGATOUR-FSJC25-APOT,Will Aldrich Potgieter win the FedEx St. Jude Championship?,13547,0.01
,2025-08-24T00:00:00Z,-1,KXPGATOUR-FSJC25,42419790,0.975,69590,Will Aaron Rai win the FedEx St. Jude Championship?,,active,,KXPGATOUR-FSJC25-ARAI,Will Aaron Rai win the FedEx St. Jude Championship?,69790,0.025
,2025-08-24T00:00:00Z,-1,KXPGATOUR-FSJC25,23958389,0.995,34753,Will Justin Rose win the FedEx St. Jude Championship?,,active,,KXPGATOUR-FSJC25-JROS,Will Justin Rose win the FedEx St. Jude Championship?,34753,0.01
,2025-08-24T00:00:00Z,-1,KXPGATOUR-FSJC25,68498908,0.975,96421,Will Justin Thomas win the FedEx St. Jude Championship?,,active,,KXPGATOUR-FSJC25-JTHO,Will Justin Thomas win the FedEx St. Jude Championship?,96483,0.025
,2025-08-24T00:00:00Z,-1,KXPGATOUR-FSJC25,24211828,0.995,4127,Will Nick Taylor win the FedEx St. Jude Championship?,,active,,KXPGATOUR-FSJC25-NTAY,Will Nick Taylor win the FedEx St. Jude Championship?,4127,0.01
,2025-08-24T00:00:00Z,-1,KXPGATOUR-FSJC25,399891897,0.755,1819348,Will Scottie Scheffler win the FedEx St. Jude Championship?,,active,,KXPGATOUR-FSJC25-SSCH,Will Scottie Scheffler win the FedEx St. Jude Championship?,1901512,0.245
,2025-08-24T00:00:00Z,-1,KXPGATOUR-FSJC25,24086185,0.995,1677,Will Sam Stevens win the FedEx St. Jude Championship?,,active,,KXPGATOUR-FSJC25-SSTE,Will Sam Stevens win the FedEx St. Jude Championship?,1677,0.01
,2025-08-24T00:00:00Z,-1,KXPGATOUR-FSJC25,35835029,0.975,24702,Will Sepp Straka win the FedEx St. Jude Championship?,,active,,KXPGATOUR-FSJC25-SSTR,Will Sepp Straka win the FedEx St. Jude Championship?,25342,0.025
,2025-08-24T00:00:00Z,-1,KXPGATOUR-FSJC25,67196630,0.95,453651,Will Xander Schauffele win the FedEx St. Jude Championship?,,active,,KXPGATOUR-FSJC25-XSCH,Will Xander Schauffele win the FedEx St. Jude Championship?,459303,0.05
,2025-08-24T00:00:00Z,-1,KXPGATOUR-FSJC25,37649054,0.98,272389,Will Cameron Young win the FedEx St. Jude Championship?,,active,,KXPGATOUR-FSJC25-CAME,Will Cameron Young win the FedEx St. Jude Championship?,273276,0.02
,2025-08-24T00:00:00Z,-1,KXPGATOUR-FSJC25,6130465,0.995,14832,Will Chris Kirk win the FedEx St. Jude Championship?,,active,,KXPGATOUR-FSJC25-CKIR,Will Chris Kirk win the FedEx St. Jude Championship?,14832,0.01
,2025-08-24T03:59:00Z,-1,KXSPACEXSTARSHIP,395000,0.525,3208,"Will SpaceX launch another Starship by Aug 23, 2025?",,active,,KXSPACEXSTARSHIP-25AUG23,"Will SpaceX launch another Starship by Aug 23, 2025?",4886,0.475
,2025-08-25T14:00:00Z,-1,KXRTAMERICANA,326120,0.04,798,Americana Rotten Tomatoes score?,,active,,KXRTAMERICANA-60,Americana Rotten Tomatoes score?,988,0.98
,2025-08-25T14:00:00Z,-1,KXRTAMERICANA,594624,0.085,3513,Americana Rotten Tomatoes score?,,active,,KXRTAMERICANA-75,Americana Rotten Tomatoes score?,5587,0.915
,2025-08-25T14:00:00Z,-1,KXRTAMERICANA,438829,0.88,8206,Americana Rotten Tomatoes score?,,active,,KXRTAMERICANA-90,Americana Rotten Tomatoes score?,19211,0.12
,2025-08-25T14:00:00Z,-1,KXRTAMERICANA,499560,0.285,1984,Americana Rotten Tomatoes score?,,active,,KXRTAMERICANA-80,Americana Rotten Tomatoes score?,2457,0.715
,2025-08-25T14:00:00Z,-1,KXRTAMERICANA,355814,0.61,881,Americana Rotten Tomatoes score?,,active,,KXRTAMERICANA-85,Americana Rotten Tomatoes score?,1301,0.39
,2025-08-28T14:00:00Z,-1,KXEARNINGSMENTIONNVDA-25AUG27,100016,0.11,999,What will  say during their next earnings call?,,active,,KXEARNINGSMENTIONNVDA-25AUG27-AUT,What will  say during their next earnings call?,1334,0.89
,2025-08-28T14:00:00Z,-1,KXEARNINGSMENTIONNVDA-25AUG27,44093,0.045,532,What will  say during their next earnings call?,,active,,KXEARNINGSMENTIONNVDA-25AUG27-CHIN,What will  say during their next earnings call?,532,0.955
,2025-08-28T14:00:00Z,-1,KXEARNINGSMENTIONNVDA-25AUG27,152103,0.35,733,What will  say during their next earnings call?,,active,,KXEARNINGSMENTIONNVDA-25AUG27-COS,What will  say during their next earnings call?,1174,0.65
,2025-08-28T14:00:00Z,-1,KXEARNINGSMENTIONNVDA-25AUG27,116287,0.225,399,What will  say during their next earnings call?,,active,,KXEARNINGSMENTIONNVDA-25AUG27-OMNI,What will  say during their next earnings call?,682,0.775
,2025-08-28T14:00:00Z,-1,KXEARNINGSMENTIONNVDA-25AUG27,123193,0.335,1036,What will  say during their next earnings call?,,active,,KXEARNINGSMENTIONNVDA-25AUG27-PROF,What will  say during their next earnings call?,1339,0.665
,2025-08-31T03:59:00Z,-1,KXSPACEXSTARSHIP,1109185,0.27,6619,"Will SpaceX launch another Starship by Aug 30, 2025?",,active,,KXSPACEXSTARSHIP-25AUG30,"Will SpaceX launch another Starship by Aug 30, 2025?",14623,0.73
,2025-08-31T03:59:00Z,-1,KXAAAGASM-25AUG31,464749,0.01,616,Will average **gas prices** be above $2.80?,,active,,KXAAAGASM-25AUG31-2.80,Will average **gas prices** be above $2.80?,616,0.995
,2025-08-31T03:59:00Z,-1,KXAAAGASM-25AUG31,796913,0.015,6742,Will average **gas prices** be above $3.00?,,active,,KXAAAGASM-25AUG31-3.00,Will average **gas prices** be above $3.00?,6742,0.985
,2025-08-31T03:59:00Z,-1,KXAAAGASM-25AUG31,803625,0.035,2144,Will average **gas prices** be above $3.05?,,active,,KXAAAGASM-25AUG31-3.05,Will average **gas prices** be above $3.05?,2225,0.965
,2025-08-31T03:59:00Z,-1,KXAAAGASM-25AUG31,7100806,0.2,107158,Will average **gas prices** be above $3.10?,,active,,KXAAAGASM-25AUG31-3.10,Will average **gas prices** be above $3.10?,126365,0.8
,2025-08-31T03:59:00Z,-1,KXAAAGASM-25AUG31,4815085,0.55,32980,Will average **gas prices** be above $3.15?,,active,,KXAAAGASM-25AUG31-3.15,Will average **gas prices** be above $3.15?,43900,0.45
,2025-08-31T03:59:00Z,-1,KXAAAGASM-25AUG31,7370886,0.79,15039,Will average **gas prices** be above $3.20?,,active,,KXAAAGASM-25AUG31-3.20,Will average **gas prices** be above $3.20?,18736,0.21
,2025-08-31T03:59:00Z,-1,KXAAAGASM-25AUG31,1697195,0.95,9625,Will average **gas prices** be above $3.25?,,active,,KXAAAGASM-25AUG31-3.25,Will average **gas prices** be above $3.25?,13178,0.05
,2025-08-31T03:59:00Z,-1,KXSPECIALPROSECUTOREPSTEIN-25,569132,0.965,13550,Will Trump appoint a special prosecutor to investigate Epstein Case in 2025?,,active,,KXSPECIALPROSECUTOREPSTEIN-25,Will Trump appoint a special prosecutor to investigate Epstein Case in 2025?,25406,0.035
,2025-08-31T03:59:00Z,-1,KXMRBEAST100M-25AUG30,2974733,0.935,60335,Will any MrBeast video get more than 100 Million views a week after upload?,,active,,KXMRBEAST100M-25AUG30,Will any MrBeast video get more than 100 Million views a week after upload?,90892,0.065
,2025-08-31T03:59:00Z,-1,KXTARIFFRATEINDIA-25AUG31,699346,0.18,5574,"What will the U.S. tariff rate on India be on Aug 31, 2025?",,active,,KXTARIFFRATEINDIA-25AUG31,"What will the U.S. tariff rate on India be on Aug 31, 2025?",14497,0.82
,2025-08-31T14:00:00Z,-1,KXLLM1-25AUG31,3575002,0.72,28851,Best AI in Aug 2025?,,active,,KXLLM1-25AUG31-GOOG,Best AI in Aug 2025?,54387,0.28
,2025-08-31T14:00:00Z,-1,KXLLM1-25AUG31,1497567,0.99,12634,Best AI in Aug 2025?,,active,,KXLLM1-25AUG31-A,Best AI in Aug 2025?,12734,0.02
,2025-08-31T14:00:00Z,-1,KXLLM1-25AUG31,6189747,0.3,23620,Best AI in Aug 2025?,,active,,KXLLM1-25AUG31-OAI,Best AI in Aug 2025?,35230,0.7
,2025-08-31T14:00:00Z,-1,KXLLM1-25AUG31,1204717,0.985,5421,Best AI in Aug 2025?,,active,,KXLLM1-25AUG31-XAI,Best AI in Aug 2025?,6095,0.03
,2025-08-31T14:00:00Z,-1,KXLLM1-25AUG31,1444725,0.995,1200,Best AI in Aug 2025?,,active,,KXLLM1-25AUG31-DS,Best AI in Aug 2025?,1200,0.01
,2025-08-31T14:00:00Z,-1,KXTOPMODEL-25AUG,1500326,0.995,24155,What will be the top AI model this month?,,active,,KXTOPMODEL-25AUG-G40709,What will be the top AI model this month?,24155,0.01
,2025-08-31T14:00:00Z,-1,KXTOPMODEL-25AUG,1953770,0.89,23148,What will be the top AI model this month?,,active,,KXTOPMODEL-25AUG-GE25P,What will be the top AI model this month?,33637,0.11
,2025-08-31T14:00:00Z,-1,KXTOPMODEL-25AUG,1561696,0.995,10772,What will be the top AI model this month?,,active,,KXTOPMODEL-25AUG-O320250416,What will be the top AI model this month?,10772,0.01
,2025-08-31T14:00:00Z,-1,KXHURPATHGENERAL-25,7918171,0.51,8970,Will a hurricane make landfall in general United States during the 2025 hurricane season?,,active,,KXHURPATHGENERAL-25,Will a hurricane make landfall in general United States during the 2025 hurricane season?,11465,0.49
,2025-08-31T14:00:00Z,-1,KXHURPATHGENERALMAJOR-25,485632,0.745,5325,Will a hurricane make landfall in General United States during the 2025 hurricane season?,,active,,KXHURPATHGENERALMAJOR-25,Will a hurricane make landfall in General United States during the 2025 hurricane season?,7168,0.255
,2025-08-31T14:00:00Z,-1,KXSTATEMENTCOUNTSWEENEY-25SEP01,2443033,0.78,6321,"Will Sydney Sweeney issue a statement about the American Eagle commercial before Sep 1, 2025?",,active,,KXSTATEMENTCOUNTSWEENEY-25SEP01,"Will Sydney Sweeney issue a statement about the American Eagle commercial before Sep 1, 2025?",11313,0.22
,2025-08-31T15:59:00Z,-1,KXTOPMONTHLY-25AUG,388844,0.5,1804,Artist with the most monthly Spotify listeners at the end of Aug 2025?,,active,,KXTOPMONTHLY-25AUG-BRU,Artist with the most monthly Spotify listeners at the end of Aug 2025?,2185,0.5
,2025-08-31T15:59:00Z,-1,KXTOPMONTHLY-25AUG,424828,0.54,880,Artist with the most monthly Spotify listeners at the end of Aug 2025?,,active,,KXTOPMONTHLY-25AUG-WEE,Artist with the most monthly Spotify listeners at the end of Aug 2025?,1160,0.46
,2025-09-01T03:59:00Z,-1,GTA6,10004959,0.995,2690,"WIll GTA6 be released by Aug 31, 2025?",,active,,GTA6-25AUG31,"WIll GTA6 be released by Aug 31, 2025?",7290,0.01
,2025-09-01T03:59:00Z,-1,KXPOPEDJT-25SEP,887594,0.91,26233,Will the Pope say Trump's name before Sep 2025?,,active,,KXPOPEDJT-25SEP,Will the Pope say Trump's name before Sep 2025?,72370,0.09
,2025-09-01T03:59:00Z,-1,KXNEXTVULCAN,250962,0.07,301,When will the Vulcan Centaur launch next?,,active,,KXNEXTVULCAN-25SEP01,When will the Vulcan Centaur launch next?,609,0.93
,2025-09-01T03:59:00Z,-1,KXNEXTHURDATE-0,1349684,0.165,2588,When will the next hurricane form?,,active,,KXNEXTHURDATE-0-25SEP01,When will the next hurricane form?,3438,0.835
,2025-09-01T03:59:00Z,-1,KXXPAYMENT-25,3550522,0.88,3947,When will X's payment service be released to the public?,,active,,KXXPAYMENT-25-SEP01,When will X's payment service be released to the public?,11958,0.12
,2025-09-01T03:59:00Z,-1,KXTORNADO-25AUG,1206388,0.715,2073,Will there be more than 100 tornadoes in August?,,active,,KXTORNADO-25AUG-100,Will there be more than 100 tornadoes in August?,2219,0.285
,2025-09-01T03:59:00Z,-1,KXTORNADO-25AUG,1002134,0.325,1915,Will there be more than 50 tornadoes in August?,,active,,KXTORNADO-25AUG-50,Will there be more than 50 tornadoes in August?,2010,0.675
,2025-09-01T03:59:00Z,-1,KXPAHLAVIVISITA-25,193368,0.995,16217,"Will Reza Pahlavi visit Iran before Sep 1, 2025?",,active,,KXPAHLAVIVISITA-25,"Will Reza Pahlavi visit Iran before Sep 1, 2025?",60430,0.01
,2025-09-01T03:59:00Z,-1,KXNEXTCAT5HURDATE-0,462040,0.82,7077,When will the next hurricane form?,,active,,KXNEXTCAT5HURDATE-0-25SEP01,When will the next hurricane form?,10488,0.18
,2025-09-01T03:59:00Z,-1,KXTRUMPVISITSTATES-25,293293,0.545,7557,"Will Trump visit Florida before Sep 1, 2025?",,active,,KXTRUMPVISITSTATES-25-FL,"Will Trump visit Florida before Sep 1, 2025?",15779,0.455
,2025-09-01T03:59:00Z,-1,KXTRUMPVISITSTATES-25,189336,0.685,1697,"Will Trump visit Pennsylvania before Sep 1, 2025?",,active,,KXTRUMPVISITSTATES-25-PA,"Will Trump visit Pennsylvania before Sep 1, 2025?",6128,0.315
,2025-09-01T03:59:00Z,-1,KXGROKMACOS-SEP25,308376,0.8,2343,When will xAI release a Grok MacOS app to the public?,,active,,KXGROKMACOS-SEP25,When will xAI release a Grok MacOS app to the public?,4760,0.2
,2025-09-01T03:59:00Z,-1,LEAVEPOWELL-25,23558435,0.975,671138,Powell leaves before 2025?,,active,,LEAVEPOWELL-25-AUG31,Powell leaves before 2025?,970465,0.025
,2025-09-01T03:59:00Z,-1,KXEARTHQUAKEM7-25AUG31,454288,0.345,11750,7.0 earthquake in Aug 2025?,,active,,KXEARTHQUAKEM7-25AUG31-7.0,7.0 earthquake in Aug 2025?,15734,0.655
,2025-09-01T03:59:00Z,-1,KXBTCMAX150-25,6718470,0.955,230150,When will Bitcoin hit $150k?,,active,,KXBTCMAX150-25-AUG31-149999.99,When will Bitcoin hit $150k?,368327,0.045
,2025-09-01T03:59:00Z,-1,KXXFLARE-25SEP01,282912,0.5,716,Will there be an X-class solar flare before Sep 2025?,,active,,KXXFLARE-25SEP01,Will there be an X-class solar flare before Sep 2025?,1287,0.5
,2025-09-01T03:59:00Z,-1,KXMUSKTAGDJT-25AUG,847074,0.715,3545,Will Musk tag Trump in a post on X in Aug 2025?,,active,,KXMUSKTAGDJT-25AUG,Will Musk tag Trump in a post on X in Aug 2025?,5246,0.285
,2025-09-01T03:59:00Z,-1,KXTXHOUSEDEM-25SEP,4579257,0.815,44325,Will any Texas House Democrat be arrested before Sep 2025?,,active,,KXTXHOUSEDEM-25SEP,Will any Texas House Democrat be arrested before Sep 2025?,75546,0.185
,2025-09-01T03:59:00Z,-1,KXPRESTALK-2,68910,0.01,1232,Who will Trump talk to before Sep 2025?,,active,,KXPRESTALK-2-VZE,Who will Trump talk to before Sep 2025?,1331,0.995
,2025-09-01T14:00:00Z,-1,KXDOGEMAX1,28446058,0.985,70385,When will Dogecoin hit $1?,,active,,KXDOGEMAX1-25-SEP01-0.99999999,When will Dogecoin hit $1?,144420,0.015
,2025-09-01T14:00:00Z,-1,KXSUEZTRAFFIC-25,58459,0.99,2013,When will Suez Canal traffic recover to pre-Houthi levels?,,active,,KXSUEZTRAFFIC-25-SEP,When will Suez Canal traffic recover to pre-Houthi levels?,4766,0.02
,2025-09-01T14:00:00Z,-1,KXNTLCYBERDIR-25,1171547,0.01,455,When will Trump's nominee for National Cyber Director (ONCD) be confirmed?,,active,,KXNTLCYBERDIR-25-SEP,When will Trump's nominee for National Cyber Director (ONCD) be confirmed?,905,0.995
,2025-09-01T14:00:00Z,-1,KXUSAMBVATICAN-25,370669,0.01,426,When will Trump's nominee for Ambassador to the Vatican be confirmed?,,active,,KXUSAMBVATICAN-25-SEP,When will Trump's nominee for Ambassador to the Vatican be confirmed?,1101,0.995
,2025-09-01T14:00:00Z,-1,KXLAGODAYS-25AUG,241518,0.055,5407,Will Trump make 0 trips to Mar-a-Lago as President in Aug 2025?,,active,,KXLAGODAYS-25AUG-0,Will Trump make 0 trips to Mar-a-Lago as President in Aug 2025?,5971,0.945
,2025-09-01T14:00:00Z,-1,KXLEAVESEANCOOK-25,2524367,0.92,7915,Will Sean Cook leave Tea Dating Advice in 2025?,,active,,KXLEAVESEANCOOK-25-SCOOK,Will Sean Cook leave Tea Dating Advice in 2025?,17827,0.08
,2025-09-01T14:00:00Z,-1,KXRTROSES,1262109,0.07,1121,The Roses Rotten Tomatoes score?,,active,,KXRTROSES-45,The Roses Rotten Tomatoes score?,1134,0.93
,2025-09-01T14:00:00Z,-1,KXRTROSES,1516457,0.455,1238,The Roses Rotten Tomatoes score?,,active,,KXRTROSES-75,The Roses Rotten Tomatoes score?,1551,0.545
,2025-09-01T14:00:00Z,-1,KXSPOTIFYALBUMRELEASEDATEDRAKE-25B,2315879,0.875,2826,Will Drake release Iceman before 2025-09-01T14:00:00.000Z,,active,,KXSPOTIFYALBUMRELEASEDATEDRAKE-25B-DRA,Will Drake release Iceman before 2025-09-01T14:00:00.000Z,4272,0.125
,2025-09-01T14:00:00Z,-1,KXTRUMPSAY-25SEP,369223,0.01,1307,What will Trump say in Aug 2025?,,active,,KXTRUMPSAY-25SEP-BALL,What will Trump say in Aug 2025?,1477,0.995
,2025-09-01T14:00:00Z,-1,KXTRUMPSAY-25SEP,197820,0.705,1140,What will Trump say in Aug 2025?,,active,,KXTRUMPSAY-25SEP-OBAM,What will Trump say in Aug 2025?,2125,0.295
,2025-09-01T14:00:00Z,-1,KXTRUMPSAY-25SEP,314819,0.585,1229,What will Trump say in Aug 2025?,,active,,KXTRUMPSAY-25SEP-CROOK,What will Trump say in Aug 2025?,1238,0.415
,2025-09-01T14:00:00Z,-1,KXTRUMPSAY-25SEP,254956,0.01,12767,What will Trump say in Aug 2025?,,active,,KXTRUMPSAY-25SEP-DEAD,What will Trump say in Aug 2025?,12767,0.995
,2025-09-01T14:00:00Z,-1,KXTRUMPSAY-25SEP,250736,0.45,941,What will Trump say in Aug 2025?,,active,,KXTRUMPSAY-25SEP-MAXWE,What will Trump say in Aug 2025?,976,0.55
,2025-09-01T14:00:00Z,-1,KXTRUMPSAY-25SEP,541666,0.225,432,What will Trump say in Aug 2025?,,active,,KXTRUMPSAY-25SEP-NEWS,What will Trump say in Aug 2025?,1416,0.775
,2025-09-01T14:00:00Z,-1,KXTRUMPSAY-25SEP,394747,0.215,536,What will Trump say in Aug 2025?,,active,,KXTRUMPSAY-25SEP-MAM,What will Trump say in Aug 2025?,859,0.785
,2025-09-01T14:00:00Z,-1,KXTRUMPSAY-25SEP,111442,0.01,7799,What will Trump say in Aug 2025?,,active,,KXTRUMPSAY-25SEP-TBTR,What will Trump say in Aug 2025?,7999,0.995
,2025-09-01T14:00:00Z,-1,KXTRUMPSAY-25SEP,600992,0.115,596,What will Trump say in Aug 2025?,,active,,KXTRUMPSAY-25SEP-ZEL,What will Trump say in Aug 2025?,749,0.885
,2025-09-02T03:59:00Z,-1,KXUNIPRESIDENTS-25SEP01,383732,0.87,2709,Will more University presidents leave?,,active,,KXUNIPRESIDENTS-25SEP01-CLMB,Will more University presidents leave?,4725,0.13
,2025-09-02T14:00:00Z,-1,KXEOCOUNTM-25SEP01,176456,0.09,547,Will Trump issue above 5 or above executive orders on day one?,,active,,KXEOCOUNTM-25SEP01-4,Will Trump issue above 5 or above executive orders on day one?,826,0.955
,2025-09-03T13:59:00Z,-1,KXTECHLAYOFF-25JUL,1218043,0.69,2185,Tech layoffs up in Jul 2025?,,active,,KXTECHLAYOFF-25JUL-1.7,Tech layoffs up in Jul 2025?,2526,0.31
,2025-09-05T12:29:00Z,-1,KXU3-25AUG,2790220,0.055,13162,Will the unemployment rate (U-3) be above 4.0% in August?,,active,,KXU3-25AUG-T4.0,Will the unemployment rate (U-3) be above 4.0% in August?,14778,0.945
,2025-09-05T12:29:00Z,-1,KXU3-25AUG,2701446,0.12,44669,Will the unemployment rate (U-3) be above 4.1% in August?,,active,,KXU3-25AUG-T4.1,Will the unemployment rate (U-3) be above 4.1% in August?,53917,0.88
,2025-09-05T12:29:00Z,-1,KXU3-25AUG,4242155,0.39,22104,Will the unemployment rate (U-3) be above 4.2% in August?,,active,,KXU3-25AUG-T4.2,Will the unemployment rate (U-3) be above 4.2% in August?,77612,0.61
,2025-09-05T12:29:00Z,-1,KXU3-25AUG,4113933,0.785,25124,Will the unemployment rate (U-3) be above 4.3% in August?,,active,,KXU3-25AUG-T4.3,Will the unemployment rate (U-3) be above 4.3% in August?,36989,0.215
,2025-09-05T12:29:00Z,-1,KXPAYROLLS-25AUG,2074923,0.035,2510,Will above -100000 jobs be added in August 2025?,,active,,KXPAYROLLS-25AUG-T-100000,Will above -100000 jobs be added in August 2025?,2512,0.965
,2025-09-05T12:29:00Z,-1,KXPAYROLLS-25AUG,5652546,0.07,26854,Will above 0 jobs be added in August 2025?,,active,,KXPAYROLLS-25AUG-T0,Will above 0 jobs be added in August 2025?,42599,0.93
,2025-09-05T12:29:00Z,-1,KXPAYROLLS-25AUG,8285770,0.58,42157,Will above 100000 jobs be added in August 2025?,,active,,KXPAYROLLS-25AUG-T100000,Will above 100000 jobs be added in August 2025?,74108,0.42
,2025-09-05T12:29:00Z,-1,KXPAYROLLS-25AUG,4063910,0.82,38362,Will above 150000 jobs be added in August 2025?,,active,,KXPAYROLLS-25AUG-T150000,Will above 150000 jobs be added in August 2025?,46219,0.18
,2025-09-05T12:29:00Z,-1,KXPAYROLLS-25AUG,2891931,0.935,48374,Will above 200000 jobs be added in August 2025?,,active,,KXPAYROLLS-25AUG-T200000,Will above 200000 jobs be added in August 2025?,51630,0.065
